volume_state,row_count,cex_vol_z_mean,dex_vol_z_mean,future_return_1d_mean,future_return_3d_mean,future_return_7d_mean,future_return_1d_win_rate,future_return_3d_win_rate,future_return_7d_win_rate
both_high,30,1.6416155465176914,1.5368413691301248,0.006747659738933287,0.016133872386945733,0.03310366677197799,0.5333333333333333,0.5666666666666667,0.6
both_low_or_normal,417,-0.5422033805166191,-0.5348377879510111,0.0030627625146894487,0.010115054191621582,0.026116750068357255,0.5275779376498801,0.5683453237410072,0.5899280575539568
cex_only,79,1.6135290786596708,0.1727552499608714,0.003282959542953749,0.012061341867176301,0.029088065811235908,0.5189873417721519,0.620253164556962,0.5822784810126582
dex_only,69,0.08813556956490302,1.6776700798167012,0.0026895167448670143,0.008526794337761517,0.02547932512911177,0.5507246376811594,0.5507246376811594,0.5217391304347826
