dex_vol_z_bucket,row_count,dex_vol_z_mean,future_return_1d_mean,future_return_3d_mean,future_return_7d_mean,future_return_1d_median,future_return_3d_median,future_return_7d_median
0,110,-1.6486296365616833,0.002680750768867837,0.006597653672533977,0.020761689520895524,0.0002827918843855137,0.008498849164372047,0.05049498768795391
1,110,-0.8543503610696337,0.001747648015427014,0.008240296858878268,0.020800244175722467,0.003272020457251279,0.010261903684727125,0.04066786688130408
2,110,0.020539216498485474,0.004291685602433557,0.015255366169720707,0.02946354225904439,0.0021193863499622267,0.015536106536776506,0.03888408721694059
3,110,0.7010256472873736,0.00143047654798739,0.003936572069040991,0.014367910554813824,0.001010790792855376,0.003396885007928674,0.004364358654370903
4,110,1.5682558993944473,0.0048637641438319685,0.013846684338426372,0.032882863290009175,0.0035047542223003436,0.010781469856091741,0.04822638640735433
