volume_state,row_count,cex_vol_z_mean,dex_vol_z_mean,future_return_1d_mean,future_return_3d_mean,future_return_7d_mean,future_return_1d_win_rate,future_return_3d_win_rate,future_return_7d_win_rate
both_high,130,1.7847067964317005,1.8358224014322815,0.013094011113610624,0.005950968344252229,-0.008643826946876484,0.5384615384615384,0.4461538461538462,0.43846153846153846
both_low_or_normal,1422,-0.4816043163659243,-0.46769949245916265,-0.003197873796757098,-0.008304080792790184,-0.023266952320122474,0.43248945147679324,0.4282700421940928,0.3670886075949367
cex_only,102,1.4532689189515473,0.007896760237103879,-0.01779616437973032,-0.04261684513448614,-0.07671469515771293,0.27450980392156865,0.20588235294117646,0.22549019607843138
dex_only,136,0.2000297547071037,1.4136799207245814,-0.00741289812068497,-0.014397736110819079,-0.024662552255122584,0.38235294117647056,0.40441176470588236,0.36764705882352944
