volume_state,row_count,cex_vol_z_mean,dex_vol_z_mean,future_return_1d_mean,future_return_3d_mean,future_return_7d_mean,future_return_1d_win_rate,future_return_3d_win_rate,future_return_7d_win_rate
both_high,135,1.7688863790123497,1.8096040371557942,0.011742227155515594,0.004536652062887718,-0.011561181558302415,0.5259259259259259,0.42962962962962964,0.4222222222222222
both_low_or_normal,1426,-0.47854653396427455,-0.464715060089891,-0.0033040106695193345,-0.008358873372511089,-0.02345269769819187,0.4326788218793829,0.42917251051893407,0.36746143057503505
cex_only,97,1.4582025989949654,-0.051438197547302514,-0.017504081495604024,-0.0431722689437658,-0.07621830117578099,0.27835051546391754,0.21649484536082475,0.23711340206185566
dex_only,132,0.18973686831080058,1.4144770515440641,-0.0064012628827427205,-0.013998650631754721,-0.022728266703805542,0.3787878787878788,0.3939393939393939,0.36363636363636365
