dex_vol_z_bucket,row_count,dex_vol_z_mean,future_return_1d_mean,future_return_3d_mean,future_return_7d_mean,future_return_1d_median,future_return_3d_median,future_return_7d_median
0,340,-1.6146029286082633,-0.0008219400673149067,-0.0028111547144692856,-0.010778862435484052,-0.0031250912701888955,-0.001130996196785694,-0.015124895222129064
1,340,-0.7244931696655612,-0.0028665694332101733,-0.009387517466115214,-0.028149696756675023,-0.003039513677811523,-0.010906409801523798,-0.03117110455418909
2,340,-0.14722880454420115,-0.004795268759702881,-0.011314421546778674,-0.027351607544572186,-0.004362050163576825,-0.0117647058823529,-0.024636286261728535
3,340,0.4574517987781279,-0.006873434977455248,-0.015223409611766664,-0.022623898745293965,-0.006944444444444531,-0.01714748035136382,-0.040446847296013
4,340,1.4663646540202495,-0.0017459708093695574,-0.009762133736631925,-0.026904153735842477,-0.0046511627906976605,-0.01943699731903481,-0.027509121061359887
